{
  "WEIGHT_S_QUALIS": 0.16018933432593777,
  "WEIGHT_T_TITULACAO": 0.0415577128101124,
  "WEIGHT_E_EXPERIENCIA": 0.1937677424626782,
  "WEIGHT_M_MULTIDISCIPLINAR": 0.01255832747339781,
  "WEIGHT_C_COMPLEXIDADE": 0.15512303152269033,
  "WEIGHT_P_HONORARIOS": 0.0736715569446428,
  "WEIGHT_R_REPUTACAO": 0.1666486656597791,
  "WEIGHT_Q_QUALIFICACAO": 0.06401324504686084,
  "WEIGHT_SIMILARITY_SCORE": 0.13247038375390083
}